{"spy": 659.260009765625, "spy_chg": 0.14, "gold": 4825.5, "gold_chg": 3.73, "ts": 1775612249.2428465}