{"spy": 720.6699829101562, "spy_chg": 1.22, "gold": 4644.5, "gold_chg": 0.52, "ts": 1777795968.9448578}