{"spy": 675.8800048828125, "spy_chg": 3.28, "gold": 4780.5, "gold_chg": -0.95, "ts": 1775736106.413693}