{"spy": 694.39501953125, "spy_chg": 2.18, "gold": 4862.2998046875, "gold_chg": 1.57, "ts": 1776215848.9092183}