{"spy": 708.6900024414062, "spy_chg": -0.08, "gold": 4802.2998046875, "gold_chg": -0.19, "ts": 1776752311.8565605}