{"spy": 655.8800048828125, "spy_chg": 0.13, "gold": 4650.5, "gold_chg": -1.03, "ts": 1775440787.6445818}