{"spy": 746.469970703125, "spy_chg": 1.08, "gold": 4515.2001953125, "gold_chg": -0.41, "ts": 1779476862.2532198}