{"spy": 655.8800048828125, "spy_chg": 0.13, "gold": 4691.2998046875, "gold_chg": 0.38, "ts": 1775458945.1351588}