{"spy": 655.8800048828125, "spy_chg": 0.13, "gold": 4678.89990234375, "gold_chg": -0.43, "ts": 1775444424.2543762}