{"spy": 686.010009765625, "spy_chg": 0.66, "gold": 4790.7998046875, "gold_chg": 1.54, "ts": 1776127305.232405}