{"spy": 655.8800048828125, "spy_chg": 0.13, "gold": 4702.7001953125, "gold_chg": -1.71, "ts": 1775300679.261244}