{"spy": 675.8800048828125, "spy_chg": 3.28, "gold": 4741.7998046875, "gold_chg": -2.16, "ts": 1775715865.9264953}