{"spy": 718.0700073242188, "spy_chg": -0.85, "gold": 4540.60009765625, "gold_chg": -1.65, "ts": 1777956764.385538}