{"spy": 723.739990234375, "spy_chg": 0.35, "gold": 4676.60009765625, "gold_chg": 2.66, "ts": 1778053486.959338}