{"spy": 659.260009765625, "spy_chg": 0.14, "gold": 4848.5, "gold_chg": 3.56, "ts": 1775610421.2312722}