{"spy": 701.5499877929688, "spy_chg": 0.66, "gold": 4810.39990234375, "gold_chg": -0.65, "ts": 1776394538.2619379}