{"spy": 679.3400268554688, "spy_chg": 0.75, "gold": 4771.0, "gold_chg": -0.41, "ts": 1775907685.5130794}