{"spy": 658.8699951171875, "spy_chg": 1.31, "gold": 4686.89990234375, "gold_chg": 0.84, "ts": 1775522805.8198807}