{"spy": 686.010009765625, "spy_chg": 0.66, "gold": 4792.7001953125, "gold_chg": 1.01, "ts": 1776143834.434405}