{"spy": 655.8800048828125, "spy_chg": 0.13, "gold": 4651.2998046875, "gold_chg": -1.01, "ts": 1775438965.9301357}