{"spy": 655.8800048828125, "spy_chg": 0.13, "gold": 4689.7001953125, "gold_chg": -0.2, "ts": 1775442593.677068}