{"spy": 659.260009765625, "spy_chg": 0.14, "gold": 4842.7001953125, "gold_chg": 3.67, "ts": 1775634075.296497}