{"spy": 679.8699951171875, "spy_chg": 0.85, "gold": 4788.2001953125, "gold_chg": 0.78, "ts": 1775783487.2807226}