{"spy": 655.8800048828125, "spy_chg": 0.13, "gold": 4685.89990234375, "gold_chg": 0.26, "ts": 1775457139.8960567}