{"spy": 679.8699951171875, "spy_chg": 0.85, "gold": 4791.2001953125, "gold_chg": 0.99, "ts": 1775794424.923282}