{"spy": 686.010009765625, "spy_chg": 0.66, "gold": 4777.0, "gold_chg": 1.25, "ts": 1776125459.3082895}