{"spy": 675.8800048828125, "spy_chg": 3.28, "gold": 4736.2998046875, "gold_chg": -2.28, "ts": 1775717704.4700885}